Card,Transaction Date,Post Date,Description,Category,Type,Amount,Memo
3621,10/27/2023,10/29/2023,TST* Cherry Cricket - Lit,Food & Drink,Sale,-69.12,
3621,10/28/2023,10/29/2023,TJMAXX #0304,Shopping,Sale,-73.94,
3621,10/26/2023,10/29/2023,MODERN MARKET - 003,Food & Drink,Sale,-16.51,
3621,10/28/2023,10/29/2023,SQ *NORTH STAR EXPRESS,Shopping,Sale,-12.00,
3621,10/28/2023,10/29/2023,AMZN Mktp US*5G06X2IT3,Shopping,Sale,-161.21,
3621,10/27/2023,10/29/2023,TM *LUDACRIS,Entertainment,Return,152.00,
3621,10/28/2023,10/29/2023,APPLE.COM/BILL,Shopping,Sale,-0.99,
3621,10/25/2023,10/27/2023,SPROUTS FARMERS MAR,Groceries,Sale,-3.35,
3621,10/26/2023,10/27/2023,COSTCO TRAVEL,Travel,Sale,-3450.00,
3621,10/26/2023,10/26/2023,AUTOMATIC PAYMENT - THANK,,Payment,484.54,
3621,10/25/2023,10/26/2023,CITY OF ENGLEWOOD COLORAD,Bills & Utilities,Sale,-115.36,
3621,10/25/2023,10/26/2023,JERSEY MIKES 22014,Food & Drink,Sale,-12.53,
3621,10/24/2023,10/26/2023,CHICK-FIL-A #452,Food & Drink,Sale,-11.70,
3621,10/24/2023,10/26/2023,SPIRIT HALLOWEEN 60970,Shopping,Sale,-17.05,
3621,10/25/2023,10/26/2023,WASTE MGMT WM EZPAY,Bills & Utilities,Sale,-129.05,
3621,10/26/2023,10/26/2023,CO SECRETARY STATE FEE,Bills & Utilities,Sale,-50.00,
3621,10/25/2023,10/26/2023,APPLE.COM/BILL,Shopping,Sale,-9.99,
3621,10/24/2023,10/25/2023,MENS WEARHOUSE #1310,Shopping,Sale,-194.73,
3621,10/23/2023,10/25/2023,6422 CHUZE FITNESS,Health & Wellness,Sale,-6.43,
3621,10/24/2023,10/25/2023,APPLE.COM/BILL,Shopping,Sale,-5.99,
3621,10/23/2023,10/25/2023,MURPHY EXPRESS 8922,Gas,Sale,-3.12,
3621,10/24/2023,10/24/2023,CHIPOTLE ONLINE,Food & Drink,Sale,-14.47,
3621,10/20/2023,10/24/2023,GOOD TIMES BURGERS CUSTAR,Food & Drink,Sale,-16.50,
3621,10/23/2023,10/24/2023,FABRIC WHOLESALE DIREC,Shopping,Sale,-25.97,
3621,10/21/2023,10/23/2023,ORIGINAL PANCAKE HOUSE -,Food & Drink,Sale,-67.91,
3621,10/21/2023,10/23/2023,TARGET        00033860,Shopping,Sale,-43.50,
3621,10/21/2023,10/22/2023,JOANN.COM,Shopping,Sale,-12.06,
3621,10/19/2023,10/22/2023,CHICK-FIL-A #03516,Food & Drink,Sale,-19.90,
3621,10/19/2023,10/22/2023,ADM/SHOP DENVER MUSEUM,Shopping,Sale,-5.75,
3621,10/20/2023,10/22/2023,COSTCO WHSE #0443,Shopping,Sale,-274.95,
3621,10/20/2023,10/22/2023,ONLINE-DENVER MUSEUM,Gifts & Donations,Sale,-44.90,
3621,10/18/2023,10/20/2023,CHICK-FIL-A #02284,Food & Drink,Sale,-14.84,
3621,10/19/2023,10/20/2023,IPHONE CITIZ*PMT 23 OF 24,Personal,Sale,-41.62,
3621,10/19/2023,10/20/2023,WILD GINGER,Food & Drink,Sale,-65.49,
3621,10/19/2023,10/20/2023,AMZN Mktp US*TD24T44E2,Shopping,Sale,-35.99,
3621,10/17/2023,10/19/2023,CAPRIOTTIS SANDWICH SHOP,Food & Drink,Sale,-19.67,
3621,10/18/2023,10/19/2023,VZWRLSS*APOCC VISE,Bills & Utilities,Sale,-189.62,
3621,10/17/2023,10/19/2023,TST* Yonutz - 7939 E Arap,Food & Drink,Sale,-9.16,
3621,10/17/2023,10/19/2023,YANKEE CANDLE 3399 RETAIL,Shopping,Sale,-77.15,
3621,10/16/2023,10/18/2023,6422 CHUZE FITNESS,Health & Wellness,Sale,-4.86,
3621,10/17/2023,10/18/2023,DOLLAR TREE,Shopping,Sale,-4.08,
3621,10/18/2023,10/18/2023,Peacock 73AEF Premium,Bills & Utilities,Sale,-6.47,
3621,10/17/2023,10/18/2023,FSP*KIDS DIG,Entertainment,Sale,-18.00,
3621,10/16/2023,10/18/2023,DEL TACO #0787,Food & Drink,Sale,-11.82,
3621,10/16/2023,10/17/2023,COSTCO WHSE #1027,Health & Wellness,Sale,-10.00,
3621,10/17/2023,10/17/2023,GL CREATIVESART.SHOP,Shopping,Sale,-45.08,
3621,10/15/2023,10/17/2023,LIQUOR BARN,Food & Drink,Sale,-15.12,
3621,10/15/2023,10/17/2023,THE HOME DEPOT 1519,Home,Sale,-53.56,
3621,10/15/2023,10/16/2023,AMZN Mktp US*TP3ZY6OH1,Shopping,Sale,-18.62,
3621,10/14/2023,10/16/2023,STARBUCKS STORE 60396,Food & Drink,Sale,-10.59,
3621,10/15/2023,10/16/2023,SOUTHGLENN STM 14,Entertainment,Sale,-16.02,
3621,10/15/2023,10/16/2023,REGAL CINEMAS INC,Entertainment,Sale,-28.10,
3621,10/15/2023,10/16/2023,AMZN Mktp US*TP5U02MS2,Shopping,Sale,-27.28,
3621,10/11/2023,10/13/2023,SPROUTS FARMERS MAR,Groceries,Sale,-16.28,
3621,10/11/2023,10/13/2023,PY *ARAPAHOE COUNTY SCHOO,Education,Sale,-405.60,
3621,10/12/2023,10/13/2023,CHIPOTLE 0970,Food & Drink,Sale,-13.93,
3621,10/11/2023,10/13/2023,DEL TACO #0787,Food & Drink,Sale,-14.40,
3621,10/03/2023,10/12/2023,DEL TACO 787,Food & Drink,Sale,-7.86,
3621,10/11/2023,10/12/2023,METRO EXPRESS - SHERIDAN,Automotive,Sale,-7.00,
3621,10/11/2023,10/12/2023,TST* PROST HIGHLANDS RANC,Food & Drink,Sale,-55.02,
3621,10/11/2023,10/12/2023,TST* PROST HIGHLANDS RANC,Food & Drink,Sale,-52.99,
3621,10/09/2023,10/11/2023,COE BROKEN TEE GOLF COUR,Bills & Utilities,Sale,-8.00,
3621,10/09/2023,10/11/2023,CHICK-FIL-A #02284,Food & Drink,Sale,-40.03,
3621,10/09/2023,10/10/2023,BROKEN TEE GOLF COURSE,Bills & Utilities,Sale,-5.00,
3621,10/08/2023,10/09/2023,TST* Toast Fine Food &amp; Co,Food & Drink,Sale,-100.40,
3621,10/08/2023,10/09/2023,COSTCO WHSE #1027,Shopping,Sale,-17.09,
3621,10/08/2023,10/09/2023,TARGET        00022616,Groceries,Sale,-1.29,
3621,10/07/2023,10/08/2023,APPLE.COM/BILL,Shopping,Sale,-6.47,
3621,10/06/2023,10/08/2023,JERSEY MIKES 22014,Food & Drink,Sale,-10.53,
3621,10/06/2023,10/08/2023,STARBUCKS STORE 60396,Food & Drink,Sale,-5.93,
3621,10/07/2023,10/08/2023,NETFLIX.COM,Bills & Utilities,Sale,-9.99,
3621,10/05/2023,10/08/2023,CHICK-FIL-A #02284,Food & Drink,Sale,-11.81,
3621,10/06/2023,10/08/2023,AMZN Mktp US*TE4BW61D2,Shopping,Sale,-11.06,
3621,10/05/2023,10/06/2023,TARGET        00022616,Groceries,Sale,-64.89,
3621,10/04/2023,10/06/2023,MURPHY EXPRESS 8922,Gas,Sale,-7.38,
3621,10/05/2023,10/05/2023,CHIPOTLE ONLINE,Food & Drink,Sale,-13.28,
3621,10/03/2023,10/04/2023,Spotify USA,Bills & Utilities,Sale,-11.87,
3621,10/02/2023,10/04/2023,UNITED      0162331423974,Travel,Sale,-568.25,
3621,10/03/2023,10/04/2023,Hulu 877-8244858 CA,Bills & Utilities,Sale,-35.63,
3621,10/02/2023,10/03/2023,SP UNDEROUTFIT INC,Shopping,Sale,-15.09,
3621,10/02/2023,10/03/2023,JERSEY MIKES 22014,Food & Drink,Sale,-15.99,
3621,10/03/2023,10/03/2023,COMCAST CABLE COMM,Bills & Utilities,Sale,-76.00,
3621,09/30/2023,10/03/2023,LIQUOR BARN,Food & Drink,Sale,-25.90,
3621,10/02/2023,10/03/2023,HCS*HighlightsforChildren,Bills & Utilities,Sale,-39.96,
3621,10/01/2023,10/02/2023,AMZN Mktp US*T106K62O1,Shopping,Sale,-16.55,
3621,10/01/2023,10/02/2023,Amazon Digit*T957P4SF2,Shopping,Sale,-6.47,
3621,10/01/2023,10/02/2023,AMZN Mktp US*T12M212K1,Shopping,Sale,-24.08,
3621,09/30/2023,10/01/2023,MUSTARDS LAST STAND II,Food & Drink,Sale,-37.47,
3621,09/27/2023,10/01/2023,VILLA PIZZA,Food & Drink,Sale,-17.17,
3621,09/29/2023,10/01/2023,Kindle Svcs*T15A36W20,Shopping,Sale,-4.31,
3621,09/29/2023,10/01/2023,ACE HARDWARE CORPORATION,Home,Sale,-59.42,
3621,09/30/2023,10/01/2023,A&amp;A TRADING POST ACE,Home,Sale,-20.60,
3621,09/30/2023,10/01/2023,MUSTARDS LAST STAND II,Food & Drink,Sale,-19.19,
3621,09/29/2023,10/01/2023,CHICK-FIL-A #02284,Food & Drink,Sale,-14.41,
3621,09/29/2023,09/29/2023,Payment Thank You-Mobile,,Payment,4769.33,
3621,09/28/2023,09/29/2023,TST* BURNDOWN,Food & Drink,Sale,-67.91,
3621,09/27/2023,09/29/2023,STARBUCKS T1B FLL,Food & Drink,Sale,-7.22,
3621,09/27/2023,09/29/2023,WHISKEY RIVER CONC B F,Food & Drink,Sale,-23.11,
3621,09/28/2023,09/29/2023,LIQUOR DEPOT,Food & Drink,Sale,-51.85,
3621,09/28/2023,09/29/2023,CITY OF ENGLEWOOD COLORAD,Bills & Utilities,Sale,-107.88,
3621,09/27/2023,09/29/2023,DEN PUBLIC PARKING,Travel,Sale,-54.00,
3621,09/28/2023,09/28/2023,Payment Thank You - Web,,Payment,1617.00,
3621,09/27/2023,09/28/2023,APPLE.COM/BILL,Shopping,Sale,-0.99,
3621,09/27/2023,09/28/2023,MDC TRANSIT SFRTA TVM,Travel,Sale,-5.00,
3621,09/26/2023,09/28/2023,STARBUCKS STORE 08334,Food & Drink,Sale,-7.37,
3621,09/25/2023,09/27/2023,POLLO TROPICAL 10057,Food & Drink,Sale,-18.06,
3621,09/25/2023,09/27/2023,STARBUCKS STORE 08257,Food & Drink,Sale,-16.39,
3621,09/26/2023,09/26/2023,AUTOMATIC PAYMENT - THANK,,Payment,52.73,
3621,09/25/2023,09/26/2023,PUBLIX #369,Groceries,Sale,-16.53,
3621,09/24/2023,09/26/2023,THE PINT ROOM LITTLETO,Food & Drink,Sale,-60.41,
3621,09/24/2023,09/26/2023,STARBUCKS STORE 52502,Food & Drink,Sale,-3.10,
3621,09/24/2023,09/25/2023,SQ *MADAME'S POMPADOUR,Personal,Sale,-35.00,
3621,09/23/2023,09/25/2023,SAFEWAY #0017,Groceries,Sale,-14.97,
3621,09/24/2023,09/25/2023,APPLE.COM/BILL,Shopping,Sale,-9.99,
3621,09/21/2023,09/24/2023,CHICK-FIL-A #02284,Food & Drink,Sale,-14.41,
3621,09/22/2023,09/24/2023,6422 CHUZE FITNESS,Health & Wellness,Sale,-4.86,
3621,09/22/2023,09/24/2023,THE HOME DEPOT 1519,Home,Sale,-13.04,
3621,09/22/2023,09/24/2023,DEL TACO 787,Food & Drink,Sale,-10.43,
3621,09/21/2023,09/24/2023,TST* Fire on the Mountain,Food & Drink,Sale,-68.72,
3621,09/21/2023,09/24/2023,TST* Fire on the Mountain,Food & Drink,Sale,-6.48,
3621,09/23/2023,09/24/2023,BIRDCALL,Food & Drink,Sale,-52.71,
3621,09/22/2023,09/24/2023,PAYPAL *HYPERGE25HU,Bills & Utilities,Sale,-23.99,
3621,09/21/2023,09/22/2023,VOLVO SPECIALISTS,Automotive,Sale,-1617.65,
3621,09/21/2023,09/22/2023,WALGREENS #12423,Health & Wellness,Sale,-5.47,
3621,09/22/2023,09/22/2023,Amazon.com*TX2J11531,Shopping,Sale,-10.07,
3621,09/20/2023,09/21/2023,SQ *BELLEVIEW,Food & Drink,Sale,-6.10,
3621,09/19/2023,09/20/2023,PY *ARAPAHOE COUNTY SCHOO,Education,Sale,-405.60,
3621,09/19/2023,09/20/2023,IPHONE CITIZ*PMT 22 OF 24,Personal,Sale,-41.62,
3621,09/17/2023,09/19/2023,SPIRIT AIRL 4870363573731,Travel,Sale,-223.89,
3621,09/19/2023,09/19/2023,AMZN Mktp US*TX1MJ87G2,Shopping,Sale,-21.39,
3621,09/18/2023,09/19/2023,ONCE UPON A CHILD,Shopping,Sale,-118.13,
3621,09/17/2023,09/19/2023,SOUTHWES    5262202852840,Travel,Sale,-31.23,
3621,09/18/2023,09/19/2023,JERSEY MIKES 22014,Food & Drink,Sale,-13.07,
3621,09/18/2023,09/18/2023,Peacock 5F12E Premium,Bills & Utilities,Sale,-6.47,
3621,09/18/2023,09/18/2023,VZWRLSS*APOCC VISE,Bills & Utilities,Sale,-204.44,
3621,09/18/2023,09/18/2023,SP UNDEROUTFIT INC,Shopping,Sale,-122.01,
3621,09/17/2023,09/18/2023,Kindle Svcs*TX6807V02,Shopping,Sale,-9.84,
3621,09/14/2023,09/17/2023,DRY CREEK ARC THRIFT,Shopping,Sale,-28.00,
3621,09/16/2023,09/17/2023,TST* PB PARK BURGER - PLA,Food & Drink,Sale,-77.92,
3621,09/16/2023,09/17/2023,DD DOORDASH CHICK-FIL,Food & Drink,Sale,-28.42,
3621,09/14/2023,09/17/2023,CHICK-FIL-A #02759,Food & Drink,Sale,-5.33,
3621,09/16/2023,09/17/2023,CHIANTI RISTORANTE ITALI,Food & Drink,Sale,-184.76,
3621,09/15/2023,09/17/2023,PELOTON* MEMBERSHIP,Shopping,Sale,-47.54,
3621,09/13/2023,09/15/2023,6422 CHUZE FITNESS,Health & Wellness,Sale,-4.86,
3621,09/14/2023,09/15/2023,COSTCO WHSE #1027,Health & Wellness,Sale,-10.00,
3621,09/13/2023,09/14/2023,CHIPOTLE 0970,Food & Drink,Sale,-11.99,
3621,09/12/2023,09/13/2023,FAMILY CENTERED MEDICINE,Health & Wellness,Sale,-25.00,
3621,09/13/2023,09/13/2023,Amazon Prime*TR6M879V0,Bills & Utilities,Sale,-150.19,
3621,09/13/2023,09/13/2023,SP MOCO BOUTIQUE,Shopping,Sale,-118.38,
3621,09/11/2023,09/13/2023,CHICK-FIL-A #02284,Food & Drink,Sale,-14.41,
3621,09/11/2023,09/13/2023,6422 CHUZE FITNESS,Health & Wellness,Sale,-25.99,
3621,09/11/2023,09/12/2023,COSTCO WHSE #1027,Shopping,Sale,-457.05,
3621,09/11/2023,09/12/2023,APPLE.COM/BILL,Shopping,Sale,-6.47,
3621,09/11/2023,09/12/2023,COSTCO WHSE #1027,Shopping,Return,29.37,
3621,09/10/2023,09/12/2023,LIQUOR BARN,Food & Drink,Sale,-28.07,
3621,09/10/2023,09/11/2023,TST* Toast Fine Food &amp; Co,Food & Drink,Sale,-53.38,
3621,09/09/2023,09/11/2023,PP*The Club at Foxridge,Health & Wellness,Sale,-19.50,
3621,09/10/2023,09/11/2023,Amazon.com*TL9HI2WB1,Shopping,Sale,-10.08,
3621,09/08/2023,09/10/2023,BIRDCALL,Food & Drink,Sale,-28.84,
3621,09/08/2023,09/10/2023,SQ *ARAMARK SERVICES  INC,Food & Drink,Sale,-53.62,
3621,09/07/2023,09/10/2023,CHICK-FIL-A #02284,Food & Drink,Sale,-14.57,
3621,09/07/2023,09/10/2023,PY *SWEET COW PLATT PARK,Food & Drink,Sale,-11.50,
3621,09/08/2023,09/10/2023,STARBUCKS STORE 60396,Food & Drink,Sale,-18.10,
3621,09/08/2023,09/10/2023,SQ *FIDDLER'S GREEN (ARAM,Food & Drink,Sale,-29.60,
3621,09/08/2023,09/10/2023,BIRDCALL,Food & Drink,Sale,-5.17,
3621,09/06/2023,09/08/2023,6422 CHUZE FITNESS,Health & Wellness,Sale,-10.00,
3621,09/07/2023,09/08/2023,A&amp;A TRADING POST ACE,Home,Sale,-7.55,
3621,09/07/2023,09/08/2023,TST* SAFFRON VALLEY SUGAR,Food & Drink,Sale,-75.00,
3621,09/07/2023,09/08/2023,TARGET        00022616,Groceries,Sale,-7.13,
3621,09/07/2023,09/08/2023,NETFLIX.COM,Bills & Utilities,Sale,-9.99,
3621,09/06/2023,09/08/2023,6422 CHUZE FITNESS,Health & Wellness,Sale,-4.86,
3621,09/06/2023,09/07/2023,JERSEY MIKES 22014,Food & Drink,Sale,-26.23,
3621,09/06/2023,09/07/2023,AMZN Mktp US*TL9YQ2IS2,Shopping,Sale,-11.35,
3621,09/05/2023,09/07/2023,DEN PUBLIC PARKING,Travel,Sale,-54.00,
3621,09/05/2023,09/06/2023,SKYPORT - CANTINA GRIL,Food & Drink,Sale,-18.45,
3621,09/04/2023,09/06/2023,FLANIGANS 33,Food & Drink,Sale,-50.37,
3621,09/04/2023,09/06/2023,TACO BELL 326300326314,Food & Drink,Sale,-10.67,
3621,09/04/2023,09/06/2023,ABC FINE WINE/SPIRITS 211,Food & Drink,Sale,-16.04,
3621,09/05/2023,09/06/2023,HUDSON ST 1640,Shopping,Sale,-8.27,
3621,09/04/2023,09/06/2023,6422 CHUZE FITNESS,Health & Wellness,Sale,-4.86,
3621,09/04/2023,09/06/2023,SWA*UPGBOARD5264212089060,Travel,Sale,-60.00,
3621,09/04/2023,09/06/2023,SOUTHWES    5262498055313,Travel,Sale,-407.98,
3621,09/04/2023,09/05/2023,Kindle Svcs*TL4XL86D2,Shopping,Sale,-2.15,
3621,09/04/2023,09/05/2023,LEVELUPPALMBEACHBAGEL,Food & Drink,Sale,-31.03,
3621,09/04/2023,09/05/2023,PUBLIX #369,Groceries,Sale,-7.03,
3621,09/03/2023,09/04/2023,Hulu 877-8244858 CA,Bills & Utilities,Sale,-35.63,
3621,09/03/2023,09/04/2023,CVS/PHARMACY #05223,Health & Wellness,Sale,-9.61,
3621,09/02/2023,09/04/2023,CMSVEND*CV DENVER,Food & Drink,Sale,-2.10,
3621,09/02/2023,09/04/2023,SPIRIT AIRL 4870361773733,Travel,Sale,-223.89,
3621,09/03/2023,09/04/2023,Spotify USA,Bills & Utilities,Sale,-11.87,
3621,09/02/2023,09/03/2023,ONCE UPON A CHILD,Shopping,Sale,-81.48,
3621,09/01/2023,09/03/2023,PY *ARAPAHOE COUNTY SCHOO,Education,Sale,-405.60,
3621,09/03/2023,09/03/2023,COMCAST CABLE COMM,Bills & Utilities,Sale,-76.00,
3621,08/31/2023,09/03/2023,CHICK-FIL-A #02759,Food & Drink,Sale,-17.69,
3621,08/31/2023,09/03/2023,6422 CHUZE FITNESS,Health & Wellness,Sale,-4.86,
3621,09/01/2023,09/03/2023,Amazon Digit*TL1NR3ZY0,Shopping,Sale,-6.47,
3621,08/31/2023,08/31/2023,Payment Thank You - Web,,Payment,3720.87,
3621,08/29/2023,08/31/2023,LIQUOR BARN,Food & Drink,Sale,-82.10,
3621,08/28/2023,08/30/2023,SPROUTS FARMERS MAR,Groceries,Sale,-7.99,
3621,08/28/2023,08/30/2023,046 TORCHYS ARAPAHOE,Food & Drink,Sale,-14.21,
3621,08/29/2023,08/30/2023,AMZN Mktp US*T345D6PM1,Shopping,Sale,-21.88,
3621,08/28/2023,08/30/2023,SPROUTS FARMERS MAR,Groceries,Sale,-5.85,
3621,08/29/2023,08/30/2023,CONOCO - CF UNITED APR,Gas,Sale,-48.46,
3621,08/28/2023,08/29/2023,CITY OF ENGLEWOOD COLORAD,Bills & Utilities,Sale,-96.66,
3621,08/29/2023,08/29/2023,LYFT   *1 RIDE 08-27,Travel,Sale,-26.24,
3621,08/27/2023,08/29/2023,WARWICK DENVER HOTEL,Travel,Sale,-41.68,
3621,08/28/2023,08/29/2023,Hulu 877-8244858 CA,Bills & Utilities,Sale,-0.42,
3621,08/28/2023,08/29/2023,CO MOTOR VEHICLE SERVI,Bills & Utilities,Sale,-328.49,
3621,08/27/2023,08/28/2023,THE 1UP COLFAX,Food & Drink,Sale,-20.00,
3621,08/26/2023,08/28/2023,ENGLEWOOD GRAND,Food & Drink,Sale,-20.00,
3621,08/28/2023,08/28/2023,LYFT   *2 RIDES 08-26,Travel,Sale,-22.06,
3621,08/27/2023,08/28/2023,BIRDCALL,Food & Drink,Sale,-45.15,
3621,08/26/2023,08/28/2023,STARBUCKS STORE 11476,Food & Drink,Sale,-8.86,
3621,08/27/2023,08/28/2023,APPLE.COM/BILL,Shopping,Sale,-0.99,
3621,08/26/2023,08/27/2023,SQ *HORSEY JONES LLC,Entertainment,Sale,-52.55,
3621,08/25/2023,08/27/2023,WALGREENS #12423,Health & Wellness,Sale,-10.22,
3621,08/26/2023,08/27/2023,LIM*RIDE COST,Entertainment,Sale,-4.48,
3621,08/26/2023,08/27/2023,CHIPOTLE ONLINE,Food & Drink,Sale,-11.99,
3621,08/25/2023,08/27/2023,AMZN Mktp US*T30S563C2,Shopping,Sale,-56.37,
3621,08/25/2023,08/27/2023,AMZN Mktp US*TQ9LG1IK1,Shopping,Sale,-28.36,
3621,08/26/2023,08/27/2023,LIM*RIDE COST,Entertainment,Sale,-5.76,
3621,08/26/2023,08/27/2023,SQ *EM'S ICE CREAM,Food & Drink,Sale,-11.00,
3621,08/27/2023,08/27/2023,LYFT   *1 RIDE 08-25,Travel,Sale,-33.59,
3621,08/24/2023,08/27/2023,STARBUCKS STORE 65149,Food & Drink,Sale,-7.06,
3621,08/26/2023,08/27/2023,COSTCO WHSE #1027,Shopping,Sale,-3.25,
3621,08/27/2023,08/27/2023,LIM*RIDE COST,Entertainment,Sale,-3.63,
3621,08/26/2023,08/27/2023,SQ *LAS LOCAS Y DOS BETOS,Food & Drink,Sale,-9.56,
3621,08/26/2023,08/27/2023,TST* Mimosas - Welton,Food & Drink,Sale,-47.36,
3621,08/26/2023,08/27/2023,LIM*RIDE COST,Entertainment,Sale,-4.91,
3621,08/25/2023,08/25/2023,AUTOMATIC PAYMENT - THANK,,Payment,2090.53,
3621,08/24/2023,08/25/2023,AMZN Mktp US*TQ2EZ22C1,Shopping,Sale,-10.75,
3621,08/24/2023,08/25/2023,AMZN Mktp US*TQ0NU12R1,Shopping,Sale,-18.64,
3621,08/24/2023,08/25/2023,AIR CARE COLORADO SHERID,Personal,Sale,-25.00,
3621,08/24/2023,08/25/2023,SQ *SHAKE SHACK,Food & Drink,Sale,-14.46,
3621,08/23/2023,08/25/2023,CHICK-FIL-A #02284,Food & Drink,Sale,-11.54,
3621,08/24/2023,08/25/2023,APPLE.COM/BILL,Shopping,Sale,-9.99,
3621,08/23/2023,08/24/2023,Kindle Svcs*TQ9825DY0,Shopping,Sale,-2.15,
3621,08/23/2023,08/24/2023,COSTCO WHSE #1027,Shopping,Sale,-115.19,
3621,08/21/2023,08/23/2023,OFFICE DEPOT #3238,Shopping,Sale,-24.24,
3621,08/21/2023,08/23/2023,MAD GREENS MG0113,Food & Drink,Sale,-12.97,
3621,08/22/2023,08/23/2023,USAA INSURANCE PAYMENT,Bills & Utilities,Sale,-249.31,
3621,08/21/2023,08/23/2023,SAFEWAY #0008,Groceries,Sale,-10.90,
3621,08/22/2023,08/22/2023,1-800-FLOWERS.COM INC.,Shopping,Sale,-72.74,
3621,08/19/2023,08/21/2023,IPHONE CITIZ*PMT 21 OF 24,Personal,Sale,-41.62,
3621,08/18/2023,08/20/2023,TM *LUDACRIS,Entertainment,Sale,-152.00,
3621,08/18/2023,08/20/2023,COE REC CENTER,Bills & Utilities,Sale,-3.00,
3621,08/18/2023,08/20/2023,METRO EXPRESS - SHERIDAN,Automotive,Sale,-7.00,
3621,08/18/2023,08/20/2023,PINDUSTRY,Entertainment,Sale,-11.00,
3621,08/18/2023,08/20/2023,VZWRLSS*APOCC VISE,Bills & Utilities,Sale,-189.44,
3621,08/18/2023,08/20/2023,WAL-MART #2751,Groceries,Sale,-46.34,
3621,08/20/2023,08/20/2023,APPLE.COM/BILL,Shopping,Sale,-7.26,
3621,08/17/2023,08/20/2023,6422 CHUZE FITNESS,Health & Wellness,Sale,-4.86,
3621,08/15/2023,08/17/2023,ALAMO ASPEN GROVE REST,Food & Drink,Sale,-28.79,
3621,08/15/2023,08/16/2023,PELOTON* MEMBERSHIP,Shopping,Sale,-47.54,
3621,08/14/2023,08/16/2023,CHICK-FIL-A #02479,Food & Drink,Sale,-11.67,
3621,08/15/2023,08/16/2023,TURO INC.* TRIP JUN 16,Travel,Sale,-7.26,
3621,08/14/2023,08/16/2023,TST* Cherry Cricket - Lit,Food & Drink,Sale,-91.52,
3621,08/14/2023,08/15/2023,ABC*CHUZE FITNESS,Health & Wellness,Sale,-9.99,
3621,08/13/2023,08/15/2023,ORIGINAL PANCAKE HOUSE -,Food & Drink,Sale,-47.11,
3621,08/13/2023,08/15/2023,WARWICK DENVER HOTEL,Travel,Sale,-41.68,
3621,08/15/2023,08/15/2023,LYFT   *1 RIDE 08-13,Travel,Sale,-18.03,
3621,08/13/2023,08/14/2023,DD DOORDASH IZUSUSHI,Food & Drink,Sale,-62.66,
3621,08/13/2023,08/14/2023,DD DOORDASH ROSENBERG,Food & Drink,Sale,-34.06,
3621,08/14/2023,08/14/2023,DD DOORDASH ROSENBERG,Food & Drink,Sale,-17.46,
3621,08/13/2023,08/14/2023,Amazon.com*TO75Y4TN0,Shopping,Sale,-15.40,
3621,08/13/2023,08/14/2023,TST* RUMOURS KARAOKE CAFE,Food & Drink,Sale,-24.14,
3621,08/13/2023,08/14/2023,TST* PARK &amp; CO,Food & Drink,Sale,-44.71,
3621,08/12/2023,08/13/2023,THE HORSE SHOE,Food & Drink,Sale,-42.72,
3621,08/10/2023,08/13/2023,CHICK-FIL-A #02284,Food & Drink,Sale,-28.15,
3621,08/13/2023,08/13/2023,LYFT   *2 RIDES 08-11,Travel,Sale,-37.57,
3621,08/10/2023,08/13/2023,COE REC CENTER,Bills & Utilities,Sale,-5.00,
3621,08/11/2023,08/13/2023,DEL TACO 787,Food & Drink,Sale,-11.18,
3621,08/11/2023,08/13/2023,APPLE.COM/BILL,Shopping,Sale,-5.39,
3621,08/10/2023,08/11/2023,LUSH PARK MEADOWS (452),Shopping,Sale,-24.14,
3621,08/09/2023,08/11/2023,MODERN MARKET - 005,Food & Drink,Sale,-17.99,
3621,08/08/2023,08/10/2023,HB LIQUORS #601,Food & Drink,Sale,-70.73,
3621,08/08/2023,08/10/2023,THE PINT ROOM LITTLETO,Food & Drink,Sale,-23.31,
3621,08/09/2023,08/10/2023,TARGET        00022616,Groceries,Return,7.93,
3621,08/08/2023,08/10/2023,STARBUCKS STORE 60396,Food & Drink,Sale,-11.62,
3621,08/08/2023,08/10/2023,WM SUPERCENTER #2751,Groceries,Return,97.25,
3621,08/08/2023,08/09/2023,COSTCO WHSE #1027,Shopping,Sale,-110.31,
3621,08/07/2023,08/09/2023,CHICK-FIL-A #02284,Food & Drink,Sale,-12.08,
3621,08/07/2023,08/08/2023,TARGET.COM  *,Shopping,Return,0.10,
3621,08/07/2023,08/08/2023,TARGET.COM  *,Shopping,Sale,-18.70,
3621,08/07/2023,08/08/2023,NETFLIX.COM,Bills & Utilities,Sale,-9.99,
3621,08/05/2023,08/07/2023,SPROUTS FARMERS MAR,Groceries,Sale,-5.99,
3621,08/07/2023,08/07/2023,Amazon.com*TA82V1JR1,Shopping,Sale,-16.48,
3621,08/05/2023,08/07/2023,PLATTE RIVER BAR &amp; GRILL,Food & Drink,Sale,-37.31,
3621,08/07/2023,08/07/2023,Payment Thank You - Web,,Payment,2562.00,
3621,08/04/2023,08/06/2023,SPROUTS FARMERS MAR,Groceries,Sale,-26.10,
3621,08/04/2023,08/06/2023,Kindle Svcs*TA9A85J82,Shopping,Sale,-14.04,
3621,08/03/2023,08/06/2023,UNITED      0162316860100,Travel,Sale,-307.90,
3621,08/05/2023,08/06/2023,AMZN Mktp US*TH3793YD1,Shopping,Sale,-54.80,
3621,08/04/2023,08/06/2023,TST* Colore Italian Resta,Food & Drink,Sale,-101.26,
3621,08/04/2023,08/06/2023,JERSEY MIKES 22014,Food & Drink,Sale,-2.00,
3621,08/04/2023,08/06/2023,Prime Video *TH8D86I61,Shopping,Sale,-4.10,
3621,08/03/2023,08/06/2023,MAD GREENS MG0113,Food & Drink,Sale,-13.39,
3621,08/03/2023,08/04/2023,TRAVEL GUARD GROUP INC,Bills & Utilities,Sale,-20.01,
3621,08/03/2023,08/04/2023,Hulu 877-8244858 CA,Bills & Utilities,Sale,-33.47,
3621,08/03/2023,08/04/2023,Spotify USA,Bills & Utilities,Sale,-10.79,
3621,08/03/2023,08/03/2023,COMCAST CABLE COMM,Bills & Utilities,Sale,-76.00,
3621,07/31/2023,08/02/2023,7-ELEVEN 35622,Gas,Sale,-6.39,
3621,08/01/2023,08/02/2023,Kindle Svcs*TH97N2PW1,Shopping,Sale,-14.04,
3621,08/01/2023,08/02/2023,Amazon Digit*TH1E58G81,Shopping,Sale,-6.47,
3621,08/01/2023,08/01/2023,ANNUAL MEMBERSHIP FEE,Fees & Adjustments,Fee,-95.00,
3621,07/30/2023,08/01/2023,ORIGINAL PANCAKE HOUSE -,Food & Drink,Sale,-75.91,
3621,07/31/2023,08/01/2023,CHIPOTLE 1528,Food & Drink,Sale,-9.06,
3621,07/29/2023,07/31/2023,DEL TACO 787,Food & Drink,Sale,-18.97,
3621,07/30/2023,07/31/2023,DD DOORDASH AKISUSHI,Food & Drink,Sale,-52.45,
3621,07/29/2023,07/31/2023,DENVER ZOO,Entertainment,Sale,-102.50,
3621,07/30/2023,07/31/2023,Kindle Svcs*TH86V5020,Shopping,Sale,-14.04,
3621,07/28/2023,07/30/2023,COSTCO TRAVEL,Travel,Sale,-2262.60,
3621,07/27/2023,07/30/2023,6422 CHUZE FITNESS,Health & Wellness,Sale,-12.37,
3621,07/28/2023,07/30/2023,DEL TACO 787,Food & Drink,Sale,-10.43,
3621,07/29/2023,07/30/2023,Payment Thank You-Mobile,,Payment,2000.00,
3621,07/27/2023,07/30/2023,PHO 95 NOODLE HOUSE &amp; GRI,Food & Drink,Sale,-68.41,
3621,07/26/2023,07/28/2023,TST* CAFE TERRA COTTA,Food & Drink,Sale,-78.46,
3621,07/26/2023,07/28/2023,CHICK-FIL-A #02284,Food & Drink,Sale,-14.57,
3621,07/27/2023,07/28/2023,APPLE.COM/BILL,Shopping,Sale,-0.99,
3621,07/26/2023,07/27/2023,CITY OF ENGLEWOOD COLORAD,Bills & Utilities,Sale,-92.92,
3621,07/26/2023,07/27/2023,MICHAELS STORES 1189,Shopping,Sale,-7.04,
3621,07/26/2023,07/27/2023,WASTE MGMT WM EZPAY,Bills & Utilities,Sale,-113.16,
3621,07/26/2023,07/27/2023,COSTCO WHSE #1027,Shopping,Sale,-56.92,
3621,07/26/2023,07/27/2023,TARGET        00022616,Groceries,Sale,-13.60,
3621,07/25/2023,07/27/2023,6422 CHUZE FITNESS,Health & Wellness,Sale,-12.37,
3621,07/26/2023,07/27/2023,WALGREENS #12423,Health & Wellness,Sale,-7.53,
3621,07/26/2023,07/26/2023,AMZN Mktp US*T65XD36F0,Shopping,Sale,-95.36,
3621,07/24/2023,07/25/2023,HERITAGE 8,Automotive,Sale,-10.01,
3621,07/24/2023,07/25/2023,APPLE.COM/BILL,Shopping,Sale,-9.99,
3621,07/24/2023,07/25/2023,FLOYD'S 99 DENVER TECH,Personal,Sale,-39.00,
3621,07/24/2023,07/25/2023,SMASHBURGER #1753,Food & Drink,Sale,-13.38,
3621,07/23/2023,07/24/2023,COSTCO WHSE #1027,Shopping,Sale,-7.56,
3621,07/21/2023,07/24/2023,LIQUOR BARN,Food & Drink,Sale,-61.57,
3621,07/22/2023,07/24/2023,SPROUTS FARMERS MAR,Groceries,Sale,-8.09,
3621,07/23/2023,07/24/2023,BIRDCALL,Food & Drink,Sale,-57.61,
3621,07/23/2023,07/24/2023,WAL-MART #2751,Groceries,Sale,-128.97,
3621,07/23/2023,07/24/2023,COSTCO WHSE #1027,Shopping,Sale,-145.23,
3621,07/22/2023,07/23/2023,TST* LADY JANE,Food & Drink,Sale,-82.84,
3621,07/22/2023,07/23/2023,USAA INSURANCE PAYMENT,Bills & Utilities,Sale,-249.34,
3621,07/21/2023,07/23/2023,MCDONALD'S F6009,Food & Drink,Sale,-15.19,
3621,07/21/2023,07/23/2023,TST* Ash Kara,Food & Drink,Sale,-147.75,
3621,07/18/2023,07/20/2023,SAFEWAY #0008,Groceries,Sale,-4.15,
3621,07/18/2023,07/20/2023,MAD GREENS MG0113,Food & Drink,Sale,-11.26,
3621,07/19/2023,07/20/2023,IPHONE CITIZ*PMT 20 OF 24,Personal,Sale,-41.62,
3621,07/17/2023,07/19/2023,CHICK-FIL-A #02479,Food & Drink,Sale,-11.67,
3621,07/18/2023,07/19/2023,VZWRLSS*APOCC VISE,Bills & Utilities,Sale,-204.40,
3621,07/16/2023,07/17/2023,FIVE GUYS 1681 QSR,Food & Drink,Sale,-23.03,
3621,07/16/2023,07/17/2023,COSTCO WHSE #1027,Shopping,Sale,-215.30,
3621,07/14/2023,07/16/2023,TST* GRANGE HALL - UPTOWN,Food & Drink,Sale,-17.63,
3621,07/14/2023,07/16/2023,CHICK-FIL-A #02284,Food & Drink,Sale,-20.07,
3621,07/14/2023,07/16/2023,KING SOOPERS 0131,Groceries,Sale,-33.57,
3621,07/14/2023,07/16/2023,AMZN Mktp US*ZP2EL5SD3,Shopping,Sale,-18.29,
3621,07/15/2023,07/16/2023,AMZN Mktp US*VM0N471G3,Shopping,Sale,-34.86,
3621,07/15/2023,07/16/2023,PELOTON* MEMBERSHIP,Shopping,Sale,-47.54,
3621,07/15/2023,07/16/2023,BB* TACOMONO,Food & Drink,Sale,-54.58,
3621,07/15/2023,07/16/2023,SQ *MADAME'S POMPADOUR,Personal,Sale,-31.25,
3621,07/15/2023,07/16/2023,TARGET        00027169,Groceries,Sale,-52.87,
3621,07/14/2023,07/16/2023,6422 CHUZE FITNESS,Health & Wellness,Sale,-48.99,
3621,07/16/2023,07/16/2023,BISTRO KING ASIAN REST,Food & Drink,Sale,-47.74,
3621,07/15/2023,07/16/2023,AMZN Mktp US*OL6QG24I3,Shopping,Sale,-22.46,
3621,07/15/2023,07/16/2023,TARGET        00027169,Groceries,Sale,-9.03,
3621,07/12/2023,07/14/2023,AUNTIE ANNE'S #CO108/CIN,Food & Drink,Sale,-4.25,
3621,07/12/2023,07/14/2023,MODERN MARKET - 033,Food & Drink,Sale,-49.31,
3621,07/14/2023,07/14/2023,AMZN Mktp US*LN5U12NA3,Shopping,Sale,-44.66,
3621,07/13/2023,07/14/2023,LS FAMILY SPORTS GOLF,Entertainment,Sale,-33.00,
3621,07/13/2023,07/14/2023,TRADER JOE S #303,Groceries,Sale,-56.91,
3621,07/12/2023,07/13/2023,APPLE.COM/BILL,Shopping,Sale,-5.39,
3621,07/12/2023,07/13/2023,FABRIC WHOLESALE DIREC,Shopping,Sale,-59.23,
3621,07/12/2023,07/13/2023,SP YOTO USA,Education,Sale,-33.68,
3621,07/10/2023,07/12/2023,CHICK-FIL-A #02284,Food & Drink,Sale,-11.54,
3621,07/11/2023,07/12/2023,CHIPOTLE 1528,Food & Drink,Sale,-12.44,
3621,07/10/2023,07/12/2023,THE 49TH,Food & Drink,Sale,-86.77,
3621,07/11/2023,07/12/2023,KING SOOPERS,Groceries,Sale,-129.58,
3621,07/11/2023,07/11/2023,Payment Thank You - Web,,Payment,3303.60,
3621,07/10/2023,07/11/2023,AMZN Mktp US*PU4278TK3,Shopping,Sale,-12.86,
3621,07/10/2023,07/11/2023,WALGREENS #12423,Health & Wellness,Sale,-14.31,
3621,07/10/2023,07/11/2023,KING SOOPERS 0109,Groceries,Sale,-17.81,
3621,07/10/2023,07/11/2023,COSTCO WHSE #0443,Shopping,Sale,-297.41,
3621,07/08/2023,07/10/2023,TARGET        00022616,Groceries,Sale,-41.62,
3621,07/09/2023,07/10/2023,AMZN Mktp US*RV9193A23,Shopping,Sale,-185.85,
3621,07/09/2023,07/10/2023,PP*The Club at Foxridge,Health & Wellness,Sale,-11.00,
3621,07/08/2023,07/10/2023,THE HOME DEPOT 1519,Home,Sale,-55.35,
3621,07/09/2023,07/10/2023,CIRCLE K # 44098,Gas,Sale,-48.76,
3621,07/08/2023,07/09/2023,AMZN Mktp US*MS97809L3,Shopping,Sale,-19.72,
3621,07/08/2023,07/09/2023,AMZN Mktp US*F05Z35BD3,Shopping,Sale,-51.06,
3621,07/07/2023,07/09/2023,CHICK-FIL-A #02284,Food & Drink,Sale,-25.93,
3621,07/08/2023,07/09/2023,AMZN Mktp US*6U24K4FW3,Shopping,Sale,-14.02,
3621,07/07/2023,07/09/2023,Netflix.com,Bills & Utilities,Sale,-9.99,
3621,07/07/2023,07/09/2023,AMZN Mktp US*TW8UJ1VV0,Shopping,Sale,-27.24,
3621,07/06/2023,07/07/2023,METRO EXPRESS - SHERIDAN,Automotive,Sale,-10.00,
3621,07/06/2023,07/07/2023,CHIPOTLE 0970,Food & Drink,Sale,-11.99,
3621,07/05/2023,07/06/2023,ACE HDW CHERRY HILLS,Home,Sale,-16.71,
3621,07/04/2023,07/05/2023,TST* Toast Fine Food &amp; Co,Food & Drink,Sale,-63.56,
3621,07/03/2023,07/04/2023,Spotify USA,Bills & Utilities,Sale,-10.79,
3621,07/03/2023,07/04/2023,Hulu 877-8244858 CA,Bills & Utilities,Sale,-33.47,
3621,07/01/2023,07/03/2023,MODERN MARKET - 005 - OLO,Food & Drink,Sale,-24.05,
3621,07/01/2023,07/03/2023,SHELL OIL 57444284707,Gas,Sale,-10.05,
3621,07/03/2023,07/03/2023,COMCAST CABLE COMM,Bills & Utilities,Sale,-76.00,
3621,07/01/2023,07/02/2023,Amazon Digit*GS41L3NZ3,Shopping,Sale,-5.39,
3621,06/29/2023,07/02/2023,STARBUCKS STORE 60396,Food & Drink,Sale,-9.18,
3621,06/30/2023,07/02/2023,CHICK-FIL-A #02284,Food & Drink,Sale,-16.42,
3621,06/30/2023,07/02/2023,CHICK-FIL-A #02284,Food & Drink,Sale,-14.57,
3621,06/28/2023,06/30/2023,DOMINO'S 6203,Food & Drink,Sale,-31.08,
3621,06/27/2023,06/29/2023,MODERN MARKET - 005 - OLO,Food & Drink,Sale,-27.85,
3621,06/26/2023,06/28/2023,CHICK-FIL-A #02284,Food & Drink,Sale,-14.57,
3621,06/27/2023,06/28/2023,FSP*KIDS DIG,Entertainment,Sale,-30.00,
3621,06/27/2023,06/28/2023,AMZN Mktp US*G20T05D63,Shopping,Sale,-193.23,
3621,06/27/2023,06/28/2023,KING SOOPERS 0111,Groceries,Sale,-4.82,
3621,06/27/2023,06/28/2023,APPLE.COM/BILL,Shopping,Sale,-0.99,
3621,06/27/2023,06/28/2023,CITY OF ENGLEWOOD COLORAD,Bills & Utilities,Sale,-92.92,
3621,06/27/2023,06/27/2023,Payment Thank You - Web,,Payment,670.00,
3621,06/27/2023,06/27/2023,AMZN Mktp US*AK1XV9T23,Shopping,Sale,-82.12,
3621,06/27/2023,06/27/2023,AMZN Mktp US*LA2V89ON3,Shopping,Sale,-9.71,
3621,06/26/2023,06/26/2023,AUTOMATIC PAYMENT - THANK,,Payment,22.96,
3621,06/25/2023,06/26/2023,JERSEY MIKES 22014,Food & Drink,Sale,-23.61,
3621,06/24/2023,06/26/2023,STANLEY BEER HALL AUROR,Food & Drink,Sale,-124.44,
3621,06/22/2023,06/25/2023,SPROUTS FARMERS MAR,Groceries,Sale,-6.70,
3621,06/23/2023,06/25/2023,TST* CHERRY CRICKET - LIT,Food & Drink,Sale,-63.83,
3621,06/23/2023,06/25/2023,STARBUCKS STORE 60396,Food & Drink,Sale,-11.59,
3621,06/24/2023,06/25/2023,APPLE.COM/BILL,Shopping,Sale,-9.99,
3621,06/23/2023,06/25/2023,COSTCO WHSE #1027,Health & Wellness,Sale,-10.00,
3621,06/22/2023,06/23/2023,DD DOORDASH CHOOKCHIC,Food & Drink,Sale,-76.34,
3621,06/21/2023,06/23/2023,DEN PUBLIC PARKING,Travel,Sale,-102.00,
3621,06/21/2023,06/23/2023,BP#9225939EAST ELLIJAY B,Gas,Sale,-28.31,
3621,06/22/2023,06/23/2023,USAA INSURANCE PAYMENT,Bills & Utilities,Sale,-249.34,
3621,06/21/2023,06/23/2023,CHICK FIL A ATL,Food & Drink,Sale,-35.43,
3621,06/19/2023,06/20/2023,SQ *DKH - DAS KAFFEE HAUS,Food & Drink,Sale,-18.14,
3621,06/19/2023,06/20/2023,WALGREENS #17697,Health & Wellness,Sale,-7.48,
3621,06/19/2023,06/20/2023,IPHONE CITIZ*PMT 19 OF 24,Personal,Sale,-41.62,
3621,06/19/2023,06/20/2023,TST* Ellijay Wood Fired P,Food & Drink,Sale,-66.62,
3621,06/18/2023,06/19/2023,VZWRLSS*APOCC VISE,Bills & Utilities,Sale,-249.40,
3621,06/16/2023,06/18/2023,DELTA AIR   Baggage Fee,Travel,Sale,-30.00,
3621,06/17/2023,06/18/2023,HILLTOP BEVERAGE,Gas,Sale,-93.04,
3621,06/16/2023,06/18/2023,DELTA AIR   Baggage Fee,Travel,Sale,-30.00,
3621,06/16/2023,06/18/2023,MCDONALD'S F13570,Food & Drink,Sale,-39.94,
3621,06/17/2023,06/18/2023,SQ *DKH - DAS KAFFEE HAUS,Food & Drink,Sale,-14.12,
3621,06/15/2023,06/16/2023,PELOTON* MEMBERSHIP,Shopping,Sale,-47.54,
3621,06/13/2023,06/15/2023,VIEWHOUSE LITTLETON,Food & Drink,Sale,-55.44,
3621,06/13/2023,06/15/2023,ALLEY_1,Food & Drink,Sale,-7.40,
3621,06/13/2023,06/14/2023,MCDONALD'S F11360,Food & Drink,Sale,-21.13,
3621,06/14/2023,06/14/2023,Spotify USA,Bills & Utilities,Sale,-10.79,
3621,06/13/2023,06/14/2023,CANDEELAND KIDS,Entertainment,Sale,-25.00,
3621,06/12/2023,06/13/2023,CHIPOTLE 0970,Food & Drink,Sale,-11.99,
3621,06/11/2023,06/12/2023,DEL TACO 787,Food & Drink,Sale,-6.13,
3621,06/11/2023,06/12/2023,TST* Taaz Tavern,Food & Drink,Sale,-46.63,
3621,06/11/2023,06/12/2023,COSTCO WHSE #1027,Shopping,Sale,-5.96,
3621,06/11/2023,06/12/2023,GRANDE STATION,Food & Drink,Sale,-40.48,
3621,06/11/2023,06/12/2023,DEL TACO 787,Food & Drink,Sale,-3.54,
3621,06/09/2023,06/11/2023,CHICK-FIL-A #02284,Food & Drink,Sale,-14.57,
3621,06/10/2023,06/11/2023,KMC DENVER ZOO,Shopping,Sale,-32.36,
3621,06/10/2023,06/11/2023,BIRDCALL,Food & Drink,Sale,-23.34,
3621,06/10/2023,06/11/2023,AMZN Mktp US*F39FC3DI3,Shopping,Sale,-22.95,
3621,06/10/2023,06/11/2023,AXS.COMDENVER,Entertainment,Sale,-111.40,
3621,06/10/2023,06/11/2023,SQ *LITTLE MAN KENT  LLC,Food & Drink,Sale,-22.49,
3621,06/10/2023,06/11/2023,KMC DENVER ZOO,Shopping,Sale,-18.34,
3621,06/09/2023,06/11/2023,COSTCO WHSE #1027,Shopping,Return,119.70,
3621,06/09/2023,06/11/2023,COSTCO WHSE #1027,Shopping,Sale,-25.03,
3621,06/09/2023,06/11/2023,INSTACART CREDIT,Fees & Adjustments,Adjustment,15.00,
3621,06/09/2023,06/11/2023,IC* INSTACART,Groceries,Sale,-60.48,
3621,06/08/2023,06/09/2023,APPLE.COM/BILL,Shopping,Sale,-5.39,
3621,06/08/2023,06/09/2023,JERSEY MIKES 22014,Food & Drink,Sale,-19.50,
3621,06/09/2023,06/09/2023,AMZN Mktp US*HG0AH96F3,Shopping,Sale,-27.23,
3621,06/08/2023,06/08/2023,NETFLIX.COM,Bills & Utilities,Sale,-9.99,
3621,06/06/2023,06/07/2023,TURO INC.* TRIP JUN 16,Travel,Sale,-464.39,
3621,06/07/2023,06/07/2023,AMZN Mktp US*LD1AW58K3,Shopping,Sale,-14.31,
3621,06/07/2023,06/07/2023,GOOGLE *YT Primetime,Entertainment,Sale,-395.97,
3621,06/06/2023,06/07/2023,CARBON HEALTH,Health & Wellness,Sale,-25.00,
3621,06/04/2023,06/06/2023,FLOYD'S 99 SOUTHGLENN,Personal,Sale,-40.00,
3621,06/04/2023,06/05/2023,DD DOORDASH CRUMBLCOO,Food & Drink,Sale,-26.38,
3621,06/04/2023,06/05/2023,AMZN Mktp US*489UA2983,Shopping,Sale,-97.00,
3621,06/04/2023,06/05/2023,Amazon.com*4H1U21UL3,Shopping,Sale,-31.85,
3621,06/04/2023,06/05/2023,SQ *MADAME'S POMPADOUR,Personal,Sale,-68.75,
3621,06/04/2023,06/05/2023,AMZN Mktp US*T88S71V61,Shopping,Sale,-9.71,
3621,06/03/2023,06/05/2023,TST* Shawarma Shack Denve,Food & Drink,Sale,-42.38,
3621,06/04/2023,06/05/2023,TST* ZOMO ASIAN AMERICAN,Food & Drink,Sale,-52.24,
3621,06/03/2023,06/05/2023,TST* Petes-A-Pie of Denv,Food & Drink,Sale,-10.67,
3621,06/03/2023,06/04/2023,Spotify USA,Bills & Utilities,Sale,-10.79,
3621,06/03/2023,06/04/2023,COMCAST CABLE COMM,Bills & Utilities,Sale,-76.00,
3621,06/03/2023,06/04/2023,Hulu 877-8244858 CA,Bills & Utilities,Sale,-33.47,
3621,06/01/2023,06/02/2023,Amazon Digit*UC38U3C23,Shopping,Sale,-5.39,
3621,05/31/2023,06/02/2023,PARK MEADOWS STROLLER,Home,Sale,-10.00,
3621,05/31/2023,06/02/2023,CHICK-FIL-A #02284,Food & Drink,Sale,-14.03,
3621,05/31/2023,06/02/2023,SBARRO,Food & Drink,Sale,-5.38,
3621,05/31/2023,06/01/2023,COSTCO GAS #1027,Gas,Sale,-38.62,
3621,05/31/2023,06/01/2023,SQ *SHAKE SHACK,Food & Drink,Sale,-19.06,
3621,05/30/2023,06/01/2023,MODERN MARKET - 005 - OLO,Food & Drink,Sale,-28.40,
3621,05/30/2023,05/31/2023,OLD NAVY ON-LINE,Shopping,Sale,-13.42,
3621,05/30/2023,05/31/2023,JERSEY MIKES ONLINE ORDE,Food & Drink,Sale,-30.09,
3621,05/29/2023,05/31/2023,OLD NAVY ON-LINE,Shopping,Sale,-4.39,
3621,05/30/2023,05/31/2023,COSTCO WHSE #1027,Shopping,Sale,-3.25,
3621,05/30/2023,05/30/2023,Payment Thank You - Web,,Payment,4787.52,
3621,05/29/2023,05/30/2023,KING SOOPERS 0109,Groceries,Sale,-20.43,
3621,05/28/2023,05/28/2023,APPLE.COM/BILL,Shopping,Sale,-0.99,
3621,05/26/2023,05/28/2023,CITY OF ENGLEWOOD COLORAD,Bills & Utilities,Sale,-89.18,
3621,05/25/2023,05/28/2023,BONCHON - AURORA,Food & Drink,Sale,-17.42,
3621,05/26/2023,05/28/2023,CHICK-FIL-A #02284,Food & Drink,Sale,-11.54,
3621,05/26/2023,05/28/2023,COSTCO WHSE #1027,Shopping,Sale,-215.42,
3621,05/25/2023,05/28/2023,JAIMES MEXICAN RESTAURANT,Food & Drink,Sale,-97.58,
3621,05/27/2023,05/28/2023,BIRDCALL,Food & Drink,Sale,-43.62,
3621,05/27/2023,05/28/2023,EINSTEIN BROS BAGELS3598,Food & Drink,Sale,-13.96,
3621,05/26/2023,05/26/2023,AUTOMATIC PAYMENT - THANK,,Payment,194.81,
3621,05/25/2023,05/26/2023,Nike Aurora 230,Shopping,Sale,-53.99,
3621,05/25/2023,05/26/2023,Nike Aurora 230,Shopping,Return,120.96,
3621,05/25/2023,05/26/2023,WASTE MGMT WM EZPAY,Bills & Utilities,Sale,-119.23,
3621,05/23/2023,05/25/2023,7-ELEVEN 35622,Gas,Sale,-6.39,
3621,05/24/2023,05/25/2023,APPLE.COM/BILL,Shopping,Sale,-9.99,
3621,05/24/2023,05/24/2023,AMZN Mktp US*5E39055Q3,Shopping,Sale,-64.83,
3621,05/22/2023,05/24/2023,DEL TACO 787,Food & Drink,Sale,-8.60,
3621,05/24/2023,05/24/2023,AMZN Mktp US*AU42E7NP3,Shopping,Sale,-50.16,
3621,05/23/2023,05/24/2023,CHIPOTLE 1528,Food & Drink,Sale,-9.06,
3621,05/23/2023,05/24/2023,LS FAMILY SPORTS GOLF,Entertainment,Sale,-20.00,
3621,05/22/2023,05/23/2023,AMZN Mktp US*K84ZI2C23,Shopping,Sale,-21.38,
3621,05/22/2023,05/23/2023,USAA NON-BANK SVCS,Bills & Utilities,Sale,-249.34,
3621,05/21/2023,05/23/2023,STARBUCKS STORE 60396,Food & Drink,Sale,-14.45,
3621,05/21/2023,05/22/2023,TST* Toast Fine Food &amp; Co,Food & Drink,Sale,-54.00,
3621,05/20/2023,05/21/2023,WAL-MART #2751,Groceries,Sale,-34.53,
3621,05/19/2023,05/21/2023,CHICK-FIL-A #02284,Food & Drink,Sale,-11.54,
3621,05/19/2023,05/21/2023,IPHONE CITIZ*PMT 18 OF 24,Personal,Sale,-41.62,
3621,05/18/2023,05/19/2023,PARAVICINIS ITALIAN BISTR,Food & Drink,Sale,-74.79,
3621,05/17/2023,05/19/2023,STARBUCKS STORE 17748,Food & Drink,Sale,-4.56,
3621,05/17/2023,05/18/2023,TST* Pinos Place,Food & Drink,Sale,-69.73,
3621,05/17/2023,05/18/2023,KENNEDY GOLF COURSE,Food & Drink,Sale,-16.02,
3621,05/18/2023,05/18/2023,VZWRLSS*APOCC VISE,Bills & Utilities,Sale,-204.40,
3621,05/17/2023,05/18/2023,KENNEDY GOLF COURSE,Entertainment,Sale,-31.00,
3621,05/16/2023,05/17/2023,MARSHALLS #1329,Shopping,Sale,-16.00,
3621,05/15/2023,05/17/2023,CHICK-FIL-A #02284,Food & Drink,Sale,-22.09,
3621,05/16/2023,05/17/2023,AMZN Mktp US*6F2IE2163,Shopping,Sale,-21.85,
3621,05/16/2023,05/17/2023,SIERRA #0005,Shopping,Sale,-88.97,
3621,05/15/2023,05/16/2023,PELOTON* MEMBERSHIP,Shopping,Sale,-47.54,
3621,05/14/2023,05/16/2023,THE HOME DEPOT 1519,Home,Sale,-64.27,
3621,05/15/2023,05/16/2023,TARGET        00002717,Shopping,Sale,-37.93,
3621,05/15/2023,05/16/2023,TARGET        00002717,Shopping,Return,106.12,
3621,05/15/2023,05/16/2023,AMZN Mktp US*EZ1A40VI3,Shopping,Sale,-61.75,
3621,05/14/2023,05/16/2023,STARBUCKS STORE 60396,Food & Drink,Sale,-3.73,
3621,05/15/2023,05/16/2023,TARGET        00022616,Groceries,Sale,-6.50,
3621,05/13/2023,05/15/2023,TLF*ARAPAHOE FLORAL,Shopping,Sale,-4.29,
3621,05/13/2023,05/14/2023,BIRDCALL,Food & Drink,Sale,-39.88,
3621,05/12/2023,05/14/2023,THE WOODHOUSE DAY SPA   C,Health & Wellness,Sale,-199.99,
3621,05/11/2023,05/12/2023,FYF*FROMYOUFLOWERS,Shopping,Sale,-75.95,
3621,05/11/2023,05/12/2023,VOLVO SPECIALISTS,Automotive,Sale,-374.21,
3621,05/10/2023,05/12/2023,DEL TACO 787,Food & Drink,Sale,-8.17,
3621,05/10/2023,05/11/2023,AMZN Mktp US*FU6F59CI3,Shopping,Sale,-25.11,
3621,05/09/2023,05/11/2023,STARBUCKS STORE 60396,Food & Drink,Sale,-12.62,
3621,05/10/2023,05/11/2023,COSTCO WHSE #1027,Shopping,Sale,-56.92,
3621,05/10/2023,05/10/2023,Nike.com,Shopping,Sale,-128.52,
3621,05/08/2023,05/10/2023,SPROUTS FARMERS MAR,Groceries,Sale,-4.66,
3621,05/09/2023,05/10/2023,AMZN Mktp US*M31W41C23,Shopping,Sale,-27.27,
3621,05/08/2023,05/09/2023,WHOLEFDS SGN 10273,Groceries,Sale,-11.76,
3621,05/08/2023,05/09/2023,JERSEY MIKES 22014,Food & Drink,Sale,-7.40,
3621,05/08/2023,05/09/2023,WALMART.COM,Shopping,Sale,-97.23,
3621,05/05/2023,05/08/2023,LIQUOR BARN,Food & Drink,Sale,-66.96,
3621,05/07/2023,05/08/2023,APPLE.COM/BILL,Shopping,Sale,-5.39,
3621,05/06/2023,05/08/2023,BISTRO KING,Food & Drink,Sale,-41.50,
3621,05/07/2023,05/08/2023,TAGAWA GARDENS,Home,Sale,-105.77,
3621,05/06/2023,05/07/2023,AXS.COMROCKY MOUNTAIN,Entertainment,Sale,-133.25,
3621,05/05/2023,05/07/2023,BRGHTWHL* ST ANDREW PR,Personal,Sale,-495.00,
3621,05/06/2023,05/07/2023,COSTCO WHSE #1027,Shopping,Sale,-91.26,
3621,05/06/2023,05/07/2023,SQ *TROMPEAU BAKERY,Food & Drink,Sale,-29.39,
3621,05/03/2023,05/05/2023,CHICK-FIL-A #02284,Food & Drink,Sale,-5.77,
3621,05/03/2023,05/05/2023,SPROUTS FARMERS MAR,Groceries,Sale,-3.63,
3621,05/04/2023,05/05/2023,CHIPOTLE 0970,Food & Drink,Sale,-10.10,
3621,05/03/2023,05/04/2023,AMZN Mktp US*BB1ID4T73,Shopping,Sale,-205.27,
3621,05/04/2023,05/04/2023,AMZN Mktp US*B126Q6WN3,Shopping,Sale,-37.78,
3621,05/03/2023,05/04/2023,JERSEY MIKES 22014,Food & Drink,Sale,-7.94,
3621,05/04/2023,05/04/2023,AMZN Mktp US*1X3E59673,Shopping,Sale,-27.23,
3621,05/03/2023,05/04/2023,COSTCO WHSE #1027,Health & Wellness,Sale,-60.35,
3621,05/03/2023,05/04/2023,Spotify USA,Bills & Utilities,Sale,-10.79,
3621,05/03/2023,05/04/2023,Hulu 877-8244858 CA,Bills & Utilities,Sale,-32.39,
3621,05/02/2023,05/03/2023,A&amp;A TRADING POST ACE,Home,Sale,-38.88,
3621,05/03/2023,05/03/2023,COMCAST CABLE COMM,Bills & Utilities,Sale,-76.00,
3621,05/02/2023,05/03/2023,NOOM INC SUB.NOOM.COM,Shopping,Sale,-127.20,
3621,05/01/2023,05/03/2023,THE HOME DEPOT 1509,Home,Sale,-10.87,
3621,04/30/2023,05/02/2023,DEL TACO 787,Food & Drink,Sale,-8.17,
3621,05/01/2023,05/02/2023,Amazon Digit*HM4KI0172,Shopping,Sale,-5.39,
3621,04/30/2023,05/02/2023,THE HOME DEPOT 1519,Home,Sale,-20.63,
3621,04/29/2023,05/02/2023,ALLEY_1,Food & Drink,Sale,-26.68,
3621,04/30/2023,05/01/2023,WAL-MART #2751,Groceries,Sale,-22.57,
3621,04/30/2023,05/01/2023,TARGET.COM  *,Shopping,Sale,-106.12,
3621,04/30/2023,05/01/2023,Payment Thank You-Mobile,,Payment,2505.51,
3621,04/29/2023,04/30/2023,TST* Carboy Winery - Litt,Food & Drink,Sale,-31.40,
3621,04/29/2023,04/30/2023,TST* NEW YORK DELI NEWS,Food & Drink,Sale,-123.77,
3621,04/29/2023,04/30/2023,TST* Carboy Winery - Litt,Food & Drink,Sale,-138.03,
3621,04/27/2023,04/28/2023,APPLE.COM/BILL,Shopping,Sale,-0.99,
3621,04/27/2023,04/28/2023,CITY OF ENGLEWOOD COLORAD,Bills & Utilities,Sale,-85.44,
3621,04/26/2023,04/27/2023,METRO EXPRESS - SHERIDAN,Automotive,Sale,-10.00,
3621,04/26/2023,04/27/2023,Amazon.com*HF6BA5XG2,Shopping,Sale,-29.40,
3621,04/26/2023,04/27/2023,TST* PINDUSTRY,Food & Drink,Sale,-67.23,
3621,04/25/2023,04/27/2023,THE PERFECT LANDING RESTA,Food & Drink,Sale,-37.66,
3621,04/26/2023,04/27/2023,TST* PINDUSTRY,Food & Drink,Sale,-15.26,
3621,04/26/2023,04/27/2023,COSTCO WHSE #1027,Shopping,Return,97.93,
3621,04/26/2023,04/27/2023,AMZN Mktp US*HF1Z47MD2,Shopping,Sale,-16.48,
3621,04/26/2023,04/27/2023,AMZN Mktp US*HF6F38QS1,Shopping,Sale,-22.46,
3621,04/26/2023,04/26/2023,AUTOMATIC PAYMENT - THANK,,Payment,115.89,
3621,04/25/2023,04/26/2023,TARGET        00022616,Groceries,Sale,-81.61,
3621,04/24/2023,04/25/2023,APPLE.COM/BILL,Shopping,Sale,-9.99,
3621,04/22/2023,04/24/2023,USAA INSURANCE PAYMENT,Bills & Utilities,Sale,-249.34,
3621,04/20/2023,04/23/2023,CHICK-FIL-A #02284,Food & Drink,Sale,-11.54,
3621,04/21/2023,04/23/2023,JERSEY MIKES 22014,Food & Drink,Sale,-17.65,
3621,04/19/2023,04/20/2023,TST* SPITZ RESTAURANT GRO,Food & Drink,Sale,-29.35,
3621,04/19/2023,04/20/2023,CHIPOTLE 1528,Food & Drink,Sale,-9.06,
3621,04/19/2023,04/20/2023,IPHONE CITIZ*PMT 17 OF 24,Personal,Sale,-41.62,
3621,04/19/2023,04/19/2023,SP BURLEY,Shopping,Sale,-15.10,
3621,04/18/2023,04/18/2023,VZWRLSS*APOCC VISE,Bills & Utilities,Sale,-189.66,
3621,04/16/2023,04/17/2023,CHUY'S 097,Food & Drink,Sale,-62.31,
3621,04/16/2023,04/17/2023,GITHUB  INC.,Shopping,Sale,-9.33,
3621,04/15/2023,04/16/2023,PELOTON* MEMBERSHIP,Shopping,Sale,-47.54,
3621,04/16/2023,04/16/2023,BISTRO KING,Food & Drink,Sale,-22.08,
3621,04/13/2023,04/14/2023,TST* PINDUSTRY,Food & Drink,Sale,-33.14,
3621,04/13/2023,04/13/2023,Amazon.com*HJ4RR3AR2,Shopping,Sale,-11.27,
3621,04/11/2023,04/12/2023,SQ *MADAME'S POMPADOUR,Personal,Sale,-31.25,
3621,04/09/2023,04/11/2023,THE HOME DEPOT 1519,Home,Sale,-151.05,
3621,04/10/2023,04/11/2023,AMZN Mktp US*HS43X4U82,Shopping,Sale,-25.93,
3621,04/10/2023,04/10/2023,AMZN Mktp US*HJ48L6EZ0,Shopping,Sale,-20.75,
3621,04/07/2023,04/10/2023,STANLEY BEER HALL AUROR,Food & Drink,Sale,-43.29,
3621,04/09/2023,04/10/2023,AMZN Mktp US*HS9T71UV1,Shopping,Sale,-86.54,
3621,04/08/2023,04/10/2023,GREAT HARVEST BREAD COMPA,Food & Drink,Sale,-22.52,
3621,04/08/2023,04/10/2023,GREAT HARVEST BREAD COMPA,Food & Drink,Sale,-3.22,
3621,04/08/2023,04/09/2023,BIRDCALL,Food & Drink,Sale,-58.98,
3621,04/08/2023,04/09/2023,TST* GRANGE HALL - MAIN B,Food & Drink,Sale,-15.31,
3621,04/08/2023,04/09/2023,SEE KAI RUN,Shopping,Sale,-65.69,
3621,04/07/2023,04/09/2023,DBC STANLEY,Food & Drink,Sale,-24.72,
3621,04/07/2023,04/09/2023,APPLE.COM/BILL,Shopping,Sale,-5.39,
3621,04/08/2023,04/09/2023,TST* GRANGE HALL - UPTOWN,Food & Drink,Sale,-15.53,
3621,04/05/2023,04/07/2023,STARBUCKS STORE 17748,Food & Drink,Sale,-7.06,
3621,04/05/2023,04/07/2023,DRY CREEK ARC THRIFT,Shopping,Sale,-26.88,
3621,04/05/2023,04/07/2023,YOLANDAS TACOS #2,Food & Drink,Sale,-12.53,
3621,04/06/2023,04/07/2023,TARGET        00022616,Groceries,Sale,-44.42,
3621,04/06/2023,04/07/2023,SP CANOPY,Home,Sale,-19.68,
3621,04/05/2023,04/06/2023,BRGHTWHL* ST ANDREW PR,Personal,Sale,-495.00,
3621,04/06/2023,04/06/2023,AMZN Mktp US*HS10N5GC1,Shopping,Sale,-23.99,
3621,04/04/2023,04/06/2023,CHICK-FIL-A #02284,Food & Drink,Sale,-24.08,
3621,04/03/2023,04/04/2023,Spotify USA,Bills & Utilities,Sale,-10.79,
3621,04/03/2023,04/04/2023,HLU*Hulu 1190558165822-U,Bills & Utilities,Sale,-32.39,
3621,04/02/2023,04/04/2023,STARBUCKS STORE 60396,Food & Drink,Sale,-19.42,
3621,04/03/2023,04/04/2023,ADAM MAIL,Shopping,Sale,-39.88,
3621,04/01/2023,04/03/2023,DEL TACO 787,Food & Drink,Sale,-22.25,
3621,04/02/2023,04/03/2023,TST* Toast Fine Food &amp; Co,Food & Drink,Sale,-53.39,
3621,04/03/2023,04/03/2023,COMCAST CABLE COMM,Bills & Utilities,Sale,-76.00,
3621,04/01/2023,04/02/2023,TST* JAMBA JUICE - 0569 -,Food & Drink,Sale,-11.51,
3621,03/31/2023,04/02/2023,TST* LOS CHINGONES - DTC,Food & Drink,Sale,-35.08,
3621,04/01/2023,04/02/2023,Amazon Digit*HY46N0XT2,Shopping,Sale,-5.39,
3621,03/31/2023,04/02/2023,OSH KOSH #238,Shopping,Sale,-12.94,
3621,03/30/2023,04/02/2023,CHICK-FIL-A #02284,Food & Drink,Sale,-11.54,
3621,03/31/2023,04/02/2023,STARBUCKS STORE 05299,Food & Drink,Sale,-10.19,
3621,03/31/2023,04/02/2023,WAL-MART #2751,Groceries,Sale,-29.24,
3621,03/31/2023,03/31/2023,Payment Thank You - Web,,Payment,3270.37,
3621,03/29/2023,03/30/2023,Amazon.com*HY0T43AM1,Shopping,Sale,-21.67,
3621,03/29/2023,03/30/2023,DENVER DENTAL SPECIALTIE,Health & Wellness,Sale,-162.00,
3621,03/28/2023,03/29/2023,AMZN Mktp US*H74TS9S02,Shopping,Sale,-9.71,
3621,03/28/2023,03/29/2023,COSTCO WHSE #1027,Shopping,Sale,-34.68,
3621,03/28/2023,03/28/2023,AMZN Mktp US*H73GG3D02,Shopping,Sale,-68.36,
3621,03/27/2023,03/28/2023,CITY OF ENGLEWOOD COLORAD,Bills & Utilities,Sale,-85.44,
3621,03/27/2023,03/28/2023,APPLE.COM/BILL,Shopping,Sale,-0.99,
3621,03/26/2023,03/27/2023,TST* CAMPUS LOUNGE,Food & Drink,Sale,-15.42,
3621,03/25/2023,03/27/2023,TST* Washington Park Gril,Food & Drink,Sale,-50.19,
3621,03/26/2023,03/26/2023,AUTOMATIC PAYMENT - THANK,,Payment,124.92,
3621,03/24/2023,03/26/2023,DOLLAR TREE,Shopping,Sale,-6.67,
3621,03/25/2023,03/26/2023,BC SURF &amp; SPORT,Shopping,Sale,-64.63,
3621,03/25/2023,03/26/2023,Prime Video *HY4Q13C00,Shopping,Sale,-3.23,
3621,03/24/2023,03/26/2023,APPLE.COM/BILL,Shopping,Sale,-9.99,
3621,03/24/2023,03/26/2023,TST* Esters Neighborhood,Food & Drink,Sale,-81.72,
3621,03/24/2023,03/26/2023,METRO EXPRESS - SHERIDAN,Automotive,Sale,-10.00,
3621,03/24/2023,03/26/2023,HRB ONLINE TAX PRODUCT,Professional Services,Sale,-100.00,
3621,03/22/2023,03/24/2023,MODERN MARKET - 005,Food & Drink,Sale,-33.81,
3621,03/22/2023,03/23/2023,USAA INSURANCE PAYMENT,Bills & Utilities,Sale,-250.34,
3621,03/21/2023,03/23/2023,CHICK-FIL-A #02284,Food & Drink,Sale,-11.81,
3621,03/20/2023,03/22/2023,ALBEE BABY CARRIAGE E,Shopping,Sale,-183.47,
3621,03/20/2023,03/22/2023,SOUTHWES    5262433793325,Travel,Sale,-29.21,
3621,03/20/2023,03/21/2023,CHIPOTLE 0970,Food & Drink,Sale,-13.28,
3621,03/19/2023,03/20/2023,CO CONV CTR PARKING,Travel,Sale,-12.00,
3621,03/17/2023,03/20/2023,LIQUOR BARN,Food & Drink,Sale,-47.52,
3621,03/19/2023,03/20/2023,IPHONE CITIZ*PMT 16 OF 24,Personal,Sale,-41.62,
3621,03/18/2023,03/20/2023,DENVER PERFORMING ARTS,Food & Drink,Sale,-24.15,
3621,03/18/2023,03/19/2023,MCDONALD'S F1079,Food & Drink,Sale,-17.02,
3621,03/18/2023,03/19/2023,VZWRLSS*APOCC VISE,Bills & Utilities,Sale,-189.66,
3621,03/18/2023,03/19/2023,TST* PB PARK BURGER - PLA,Food & Drink,Sale,-65.12,
3621,03/16/2023,03/17/2023,TARGET        00022616,Groceries,Sale,-8.16,
3621,03/17/2023,03/17/2023,MED*ARAPAHOE PARK PEDI,Health & Wellness,Return,25.00,
3621,03/16/2023,03/17/2023,BIRDCALL,Food & Drink,Sale,-27.91,
3621,03/16/2023,03/17/2023,TARGET        00022616,Groceries,Sale,-38.06,
3621,03/15/2023,03/16/2023,SP KANGA CARE,Shopping,Sale,-30.75,
3621,03/14/2023,03/16/2023,DEL TACO 787,Food & Drink,Sale,-11.60,
3621,03/15/2023,03/16/2023,PELOTON* MEMBERSHIP,Shopping,Sale,-47.54,
3621,03/13/2023,03/15/2023,CHICK-FIL-A #02759,Food & Drink,Sale,-22.51,
3621,03/13/2023,03/14/2023,Parkwell - Meow Wolf Park,Travel,Sale,-15.00,
3621,03/13/2023,03/14/2023,MED*ARAPAHOE PARK PEDI,Health & Wellness,Sale,-25.00,
3621,03/13/2023,03/14/2023,CHIPOTLE 0970,Food & Drink,Sale,-15.17,
3621,03/13/2023,03/14/2023,COSTCO WHSE #1027,Health & Wellness,Sale,-10.00,
3621,03/12/2023,03/13/2023,SQ *CONVERGENCE STATION,Entertainment,Sale,-45.70,
3621,03/09/2023,03/12/2023,TOPGOLF CENTENNIAL 020-2,Food & Drink,Sale,-105.64,
3621,03/11/2023,03/12/2023,COSTCO WHSE #1027,Shopping,Sale,-32.49,
3621,03/11/2023,03/12/2023,COSTCO WHSE #1027,Shopping,Sale,-12.81,
3621,03/10/2023,03/12/2023,ZOMO,Food & Drink,Sale,-105.52,
3621,03/10/2023,03/12/2023,DEL TACO 787,Food & Drink,Sale,-14.30,
3621,03/09/2023,03/10/2023,TST* The Post - Rosedale,Food & Drink,Sale,-53.90,
3621,03/10/2023,03/10/2023,AMZN Mktp US*HG0ZZ2ZT1,Shopping,Sale,-27.23,
3621,03/08/2023,03/09/2023,FLOYD'S 99 SOUTHGLENN,Personal,Sale,-40.00,
3621,03/07/2023,03/08/2023,METRO EXPRESS - SHERIDAN,Automotive,Sale,-13.00,
3621,03/07/2023,03/08/2023,APPLE.COM/BILL,Shopping,Sale,-5.39,
3621,03/06/2023,03/07/2023,CU CENTENNIAL 582,Health & Wellness,Sale,-25.00,
3621,03/05/2023,03/06/2023,BRGHTWHL* ST ANDREW PR,Personal,Sale,-495.00,
3621,03/05/2023,03/06/2023,MCDONALD'S F6009,Food & Drink,Sale,-18.23,
3621,03/05/2023,03/06/2023,AFC URGENT CARE UNIVERSIT,Health & Wellness,Sale,-40.00,
3621,03/05/2023,03/06/2023,AFC URGENT CARE UNIVERSIT,Health & Wellness,Sale,-40.00,
3621,03/03/2023,03/05/2023,DEL TACO 787,Food & Drink,Sale,-11.82,
3621,03/04/2023,03/05/2023,MEOW WOLF,Entertainment,Sale,-45.00,
3621,03/03/2023,03/05/2023,Spotify USA,Bills & Utilities,Sale,-10.79,
3621,03/03/2023,03/05/2023,HLU*Hulu 1190558161529-U,Bills & Utilities,Sale,-32.39,
3621,03/03/2023,03/03/2023,COMCAST CABLE COMM,Bills & Utilities,Sale,-76.00,
3621,03/02/2023,03/03/2023,TARGET        00022616,Groceries,Sale,-37.01,
3621,03/01/2023,03/02/2023,Amazon Digit*HD8D68HK2,Shopping,Sale,-5.39,
3621,02/28/2023,03/02/2023,SPICY BASIL,Food & Drink,Sale,-46.36,
3621,03/01/2023,03/02/2023,AMZN Mktp US*H517O33O0,Shopping,Sale,-35.99,
3621,02/28/2023,03/01/2023,TARGET.COM  *,Shopping,Sale,-31.68,
3621,02/28/2023,03/01/2023,CITY OF ENGLEWOOD COLORAD,Bills & Utilities,Sale,-87.24,
3621,02/27/2023,03/01/2023,CHICK-FIL-A #03336,Food & Drink,Sale,-17.00,
3621,02/28/2023,02/28/2023,Payment Thank You - Web,,Payment,2598.93,
3621,02/27/2023,02/28/2023,APPLE.COM/BILL,Shopping,Sale,-0.99,
3621,02/28/2023,02/28/2023,AMZN Mktp US*HD6M04AO2,Shopping,Sale,-13.01,
3621,02/25/2023,02/27/2023,PANERA BREAD #202444 P,Food & Drink,Sale,-45.22,
3621,02/26/2023,02/26/2023,AUTOMATIC PAYMENT - THANK,,Payment,293.51,
3621,02/25/2023,02/26/2023,APPLE.COM/BILL,Shopping,Sale,-9.99,
3621,02/23/2023,02/26/2023,DEL TACO 787,Food & Drink,Sale,-7.52,
3621,02/24/2023,02/26/2023,MODERN MARKET - 005 - OLO,Food & Drink,Sale,-17.38,
3621,02/24/2023,02/26/2023,WALGREENS #12423,Health & Wellness,Sale,-29.11,
3621,02/25/2023,02/26/2023,TST* WESTERN SKY BAR &amp; TA,Food & Drink,Sale,-62.46,
3621,02/23/2023,02/24/2023,COSTCO WHSE #0443,Shopping,Sale,-3.24,
3621,02/23/2023,02/24/2023,SP YOTO USA,Education,Sale,-116.68,
3621,02/21/2023,02/23/2023,THE HOME DEPOT 1519,Home,Sale,-10.57,
3621,02/22/2023,02/23/2023,USAA INSURANCE PAYMENT,Bills & Utilities,Sale,-223.89,
3621,02/21/2023,02/22/2023,MURPHY EXPRESS 8922,Gas,Sale,-51.76,
3621,02/20/2023,02/22/2023,CHICK-FIL-A #02759,Food & Drink,Sale,-42.40,
3621,02/20/2023,02/22/2023,STARBUCKS STORE 60396,Food & Drink,Sale,-12.43,
3621,02/21/2023,02/22/2023,CHIPOTLE 0970,Food & Drink,Sale,-11.99,
3621,02/21/2023,02/21/2023,AMZN Mktp US*HE80U7DO1,Shopping,Sale,-43.85,
3621,02/20/2023,02/21/2023,SQ *KIDS WONDER,Entertainment,Sale,-34.00,
3621,02/20/2023,02/21/2023,ONLINE-DENVER MUSEUM,Gifts & Donations,Sale,-43.90,
3621,02/19/2023,02/20/2023,IPHONE CITIZ*PMT 15 OF 24,Personal,Sale,-41.62,
3621,02/19/2023,02/20/2023,URBAN EGG BELLEVIEW,Food & Drink,Sale,-58.94,
3621,02/19/2023,02/20/2023,AMZN Mktp US*HE4JO5RO2,Shopping,Sale,-20.52,
3621,02/18/2023,02/20/2023,THE WINE SHOP AT TONYS,Food & Drink,Sale,-35.50,
3621,02/16/2023,02/19/2023,DEL TACO 787,Food & Drink,Sale,-11.82,
3621,02/18/2023,02/19/2023,VZWRLSS*APOCC VISE,Bills & Utilities,Sale,-189.66,
3621,02/18/2023,02/19/2023,BIRDCALL,Food & Drink,Sale,-56.47,
3621,02/18/2023,02/19/2023,MED*ARAPAHOE PARK PEDI,Health & Wellness,Sale,-4.11,
3621,02/18/2023,02/19/2023,TONY'S MEATS &amp; MARKET #1,Groceries,Sale,-27.65,
3621,02/18/2023,02/19/2023,AMZN Mktp US*HE7ET6ID1,Shopping,Sale,-45.09,
3621,02/17/2023,02/19/2023,COSTCO WHSE #1027,Health & Wellness,Sale,-2.98,
3621,02/14/2023,02/16/2023,STARBUCKS STORE 00239,Food & Drink,Sale,-11.69,
3621,02/14/2023,02/16/2023,FREDDY'S 11-0001,Food & Drink,Sale,-16.50,
3621,02/15/2023,02/16/2023,PELOTON* MEMBERSHIP,Shopping,Sale,-47.54,
3621,02/14/2023,02/15/2023,SQ *TROMPEAU BAKERY,Food & Drink,Sale,-31.62,
3621,02/14/2023,02/15/2023,SQ *THE BUNDT SHOPPE,Food & Drink,Sale,-13.00,
3621,02/13/2023,02/15/2023,THE UPS STORE 2311,Personal,Sale,-1.07,
3621,02/12/2023,02/14/2023,SPROUTS FARMERS MAR,Groceries,Sale,-30.83,
3621,02/13/2023,02/14/2023,Amazon.com,Shopping,Return,55.51,
3621,02/13/2023,02/14/2023,JERSEY MIKES 22014,Food & Drink,Sale,-21.69,
3621,02/11/2023,02/13/2023,LIQUOR BARN,Food & Drink,Sale,-43.20,
3621,02/10/2023,02/12/2023,CHIPOTLE 0970,Food & Drink,Sale,-17.66,
3621,02/09/2023,02/12/2023,COE REC CENTER,Bills & Utilities,Sale,-76.00,
3621,02/10/2023,02/12/2023,SIERRA #0005,Shopping,Sale,-13.93,
3621,02/10/2023,02/12/2023,THRIFT BOOKS GLOBAL  LLC,Shopping,Sale,-19.63,
3621,02/10/2023,02/12/2023,STARBUCKS STORE 60396,Food & Drink,Sale,-5.13,
3621,02/09/2023,02/12/2023,DEL TACO 787,Food & Drink,Sale,-11.82,
3621,02/07/2023,02/09/2023,CHICK-FIL-A #02759,Food & Drink,Sale,-34.62,
3621,02/09/2023,02/09/2023,Peacock A5C88 Premium,Bills & Utilities,Sale,-2.07,
3621,02/07/2023,02/08/2023,FLOYD'S 99 SOUTHGLENN,Personal,Sale,-30.00,
3621,02/07/2023,02/08/2023,APPLE.COM/BILL,Shopping,Sale,-5.39,
3621,02/07/2023,02/08/2023,Etsy.com - RawImpression,Shopping,Sale,-4.16,
3621,02/06/2023,02/07/2023,AMZN Mktp US*CF8DJ8673,Shopping,Sale,-17.51,
3621,02/06/2023,02/07/2023,COSTCO WHSE #1027,Shopping,Sale,-4.33,
3621,02/06/2023,02/07/2023,AMZN Mktp US*3Y1OH8AU3,Shopping,Sale,-22.61,
3621,02/05/2023,02/06/2023,BRGHTWHL* ST ANDREW PR,Personal,Sale,-495.00,
3621,02/04/2023,02/06/2023,SQ *COLORADO PINBALL PUB,Food & Drink,Sale,-145.36,
3621,02/05/2023,02/06/2023,FIVE GUYS 1681 QSR,Food & Drink,Sale,-20.72,
3621,02/03/2023,02/05/2023,CSC SERVICEWORK,Shopping,Sale,-2.00,
3621,02/04/2023,02/05/2023,EINSTEIN BROS BAGELS3598,Food & Drink,Sale,-12.96,
3621,02/03/2023,02/05/2023,Spotify USA,Bills & Utilities,Sale,-10.79,
3621,02/03/2023,02/05/2023,HLU*Hulu 1190558165724-U,Bills & Utilities,Sale,-32.39,
3621,02/01/2023,02/03/2023,CHICK-FIL-A #02284,Food & Drink,Sale,-15.22,
3621,02/03/2023,02/03/2023,COMCAST CABLE COMM,Bills & Utilities,Sale,-76.00,
3621,02/02/2023,02/03/2023,KFC/AW #466,Food & Drink,Sale,-32.38,
3621,02/01/2023,02/02/2023,Amazon Digit*GW83631P3,Shopping,Sale,-5.39,
3621,01/31/2023,02/02/2023,DEL TACO 787,Food & Drink,Sale,-7.97,
3621,01/28/2023,01/30/2023,PLATTE RIVER BAR &amp; GRILL,Food & Drink,Sale,-44.78,
3621,01/29/2023,01/30/2023,ORIGINAL PANCAKE HOUSE -,Food & Drink,Sale,-77.13,
3621,01/28/2023,01/30/2023,SPROUTS FARMERS MAR,Groceries,Sale,-6.57,
3621,01/28/2023,01/29/2023,FSP*KIDS DIG,Entertainment,Sale,-17.00,
3621,01/26/2023,01/29/2023,CHICK-FIL-A #02284,Food & Drink,Sale,-28.18,
3621,01/27/2023,01/29/2023,APPLE.COM/BILL,Shopping,Sale,-0.99,
3621,01/27/2023,01/27/2023,Payment Thank You - Web,,Payment,3029.07,
3621,01/26/2023,01/27/2023,WASTE MGMT WM EZPAY,Bills & Utilities,Sale,-71.05,
3621,01/25/2023,01/27/2023,GREAT HARVEST BREAD COMPA,Food & Drink,Sale,-16.08,
3621,01/26/2023,01/27/2023,CITY OF ENGLEWOOD COLORAD,Bills & Utilities,Sale,-87.24,
3621,01/24/2023,01/25/2023,APPLE.COM/BILL,Shopping,Sale,-9.99,
3621,01/23/2023,01/24/2023,AMZN Mktp US*WG0J62ZX3,Shopping,Sale,-49.86,
3621,01/21/2023,01/23/2023,WE KNEAD DONUT,Food & Drink,Sale,-19.72,
3621,01/22/2023,01/23/2023,USAA INSURANCE PAYMENT,Bills & Utilities,Sale,-223.86,
3621,01/23/2023,01/23/2023,IC* INSTACART*159,Groceries,Sale,-99.06,
3621,01/20/2023,01/22/2023,AMZN Mktp US*YG4VK22A3,Shopping,Sale,-10.79,
3621,01/20/2023,01/22/2023,FREDDY'S 11-0001,Food & Drink,Sale,-22.71,
3621,01/20/2023,01/22/2023,SQ *AUNG'S BANGKOK CAFE,Food & Drink,Sale,-43.03,
3621,01/19/2023,01/22/2023,MODERN MARKET - 005,Food & Drink,Sale,-42.40,
3621,01/19/2023,01/20/2023,IPHONE CITIZ*PMT 14 OF 24,Personal,Sale,-41.62,
3621,01/17/2023,01/19/2023,DEL TACO 787,Food & Drink,Sale,-10.08,
3621,01/18/2023,01/19/2023,WALGREENS #12423,Health & Wellness,Sale,-30.76,
3621,01/17/2023,01/19/2023,THE PINT ROOM,Food & Drink,Sale,-52.51,
3621,01/18/2023,01/18/2023,VZWRLSS*APOCC VISE,Bills & Utilities,Sale,-219.14,
3621,01/16/2023,01/18/2023,STARBUCKS STORE 60396,Food & Drink,Sale,-14.72,
3621,01/16/2023,01/17/2023,FIVE GUYS 1681 QSR,Food & Drink,Sale,-26.12,
3621,01/16/2023,01/16/2023,SQ *KIDS WONDER,Entertainment,Sale,-17.00,
3621,01/15/2023,01/16/2023,PELOTON* MEMBERSHIP,Shopping,Sale,-47.54,
3621,01/14/2023,01/16/2023,GRANDMAS HOUSE,Food & Drink,Sale,-22.98,
3621,01/12/2023,01/15/2023,DEL TACO 787,Food & Drink,Sale,-14.51,
3621,01/14/2023,01/15/2023,COSTCO WHSE #0443,Shopping,Sale,-247.14,
3621,01/14/2023,01/15/2023,BIRDCALL,Food & Drink,Sale,-37.59,
3621,01/12/2023,01/13/2023,IC* INSTACART*SUBSCRIP,Groceries,Return,99.00,
3621,01/12/2023,01/13/2023,TARGET.COM  *,Shopping,Return,0.20,
3621,01/11/2023,01/12/2023,TARGET.COM  *,Shopping,Sale,-58.70,
3621,01/12/2023,01/12/2023,INSTACART CREDIT,Fees & Adjustments,Adjustment,15.00,
3621,01/12/2023,01/12/2023,IC* INSTACART*SUBSCRIP,Groceries,Sale,-99.00,
3621,01/10/2023,01/12/2023,KOHLS #0689,Shopping,Return,91.57,
3621,01/11/2023,01/12/2023,BIRDCALL,Food & Drink,Sale,-33.89,
3621,01/10/2023,01/11/2023,CHIPOTLE 0644,Food & Drink,Sale,-12.04,
3621,01/10/2023,01/11/2023,METRO EXPRESS - SHERIDAN,Automotive,Sale,-13.00,
3621,01/10/2023,01/11/2023,ADVANCE AUTO PARTS #7514,Automotive,Sale,-262.67,
3621,01/08/2023,01/10/2023,LIQUOR BARN,Food & Drink,Sale,-21.60,
3621,01/09/2023,01/09/2023,Peacock B45DF Premium,Bills & Utilities,Sale,-2.07,
3621,01/07/2023,01/08/2023,APPLE.COM/BILL,Entertainment,Sale,-5.39,
3621,01/06/2023,01/08/2023,MODERN MARKET - 005,Food & Drink,Sale,-16.94,
3621,01/05/2023,01/08/2023,DEL TACO 787,Food & Drink,Sale,-11.82,
3621,01/06/2023,01/08/2023,TST* Sazza Restaurant,Food & Drink,Sale,-69.80,
3621,01/05/2023,01/06/2023,BRGHTWHL* ST ANDREW PR,Personal,Sale,-495.00,
3621,01/05/2023,01/06/2023,MCDONALD'S F5819,Food & Drink,Sale,-12.18,
3621,01/05/2023,01/06/2023,AMZN Mktp US*JI8DA0BP3,Shopping,Sale,-50.35,
3621,01/02/2023,01/04/2023,LIQUOR BARN,Food & Drink,Sale,-41.04,
3621,01/03/2023,01/04/2023,HLU*Hulu 1190558166891-U,Bills & Utilities,Sale,-32.39,
3621,01/03/2023,01/04/2023,Spotify USA,Bills & Utilities,Sale,-10.79,
3621,01/01/2023,01/03/2023,SPROUTS FARMERS MAR,Groceries,Sale,-19.10,
3621,01/03/2023,01/03/2023,COMCAST CABLE COMM,Bills & Utilities,Sale,-76.00,
3621,01/02/2023,01/03/2023,A&amp;A TRADING POST ACE,Home,Sale,-12.26,
3621,12/31/2022,01/02/2023,KMC DENVER ZOO,Shopping,Sale,-24.25,
3621,01/01/2023,01/02/2023,TST* Toast Fine Food &amp; Co,Food & Drink,Sale,-58.92,
3621,01/01/2023,01/02/2023,KMC DENVER ZOO,Shopping,Sale,-7.77,
3621,12/31/2022,01/02/2023,WILD GINGER,Food & Drink,Sale,-52.55,
3621,01/01/2023,01/02/2023,Amazon Digit*PD5EM1OT3,Shopping,Sale,-5.39,
3621,12/31/2022,01/01/2023,METRO EXPRESS - SHERIDAN,Automotive,Sale,-13.00,
3621,12/31/2022,01/01/2023,DENVER ZOO,Entertainment,Sale,-3.00,
3621,12/31/2022,01/01/2023,TARGET        00022616,Groceries,Sale,-16.77,
3621,12/30/2022,01/01/2023,SQ *KIDS WONDER,Entertainment,Sale,-17.00,
3621,12/29/2022,01/01/2023,DEL TACO 787,Food & Drink,Sale,-19.29,
3621,12/30/2022,01/01/2023,CITY OF ENGLEWOOD COLORAD,Bills & Utilities,Sale,-77.84,
3621,12/30/2022,01/01/2023,CHIPOTLE 0970,Food & Drink,Sale,-15.71,
3621,12/31/2022,01/01/2023,TARGET        00022616,Groceries,Return,21.40,
3621,12/31/2022,01/01/2023,AMZN Mktp US*SV1398X63,Shopping,Sale,-12.11,
3621,12/30/2022,01/01/2023,Lee,Shopping,Sale,-103.44,
